Name,Phone,Address,Birthday,Email,Group,Remark,Tagged
"Charlotte Oliveiro","93210283","Blk 11 Ang Mo Kio Street 74, #11-04","","","","As quick as a leopard.","neighbours"
"Alex Yeoh","1290833","Blk 30 Geylang Street 29, #06-40","09-09-1987","alexyeoh@example.com","TEST","","friends"
"Bernice Yu","99272758","Blk 30 Lorong 3 Serangoon Gardens, #07-18","11-09-1998","berniceyu@example.com","TEST","Likes to swim.","colleagues","friends"
"David Li","91031282","Blk 436 Serangoon Gardens Street 26, #16-43","11-09-1998","lidavid@example.com","TEST","","family"
"Roy Balakrishnan","92624417","Blk 45 Aljunied Street 85, #11-31","11-09-1998","royb@example.com","TEST","","colleagues"
"Irfan Ibrahim","92492021","Blk 47 Tampines Street 20, #17-35","11-09-1998","irfan@example.com","TEST","","classmates"
"haha","12345678","address","12-09-1998","email@email.com","NUS",""
"Momo Ng","12345678","blk 1 clementi str 45, #09-08","11-09-1998","momo@gmail.com","NUS",""
"huiyi","12345","blk 19 Bukit Timah Road #02-110 g/NUS","","","My Gang",""
