<?xml version="1.0" encoding="UTF-8" standalone="yes"?>
<eventbook>
    <events>
        <title>Orbital</title>
        <description>testing</description>
        <location>Soc</location>
        <datetime>10-11-2017 2359</datetime>
    </events>
    <events>
        <title>Welfare</title>
        <description>Welfare pack day</description>
        <location>SoC</location>
        <datetime>13-11-2017 2359</datetime>
    </events>
    <events>
        <title>Testing1</title>
        <description>hahahha</description>
        <location>woohoo</location>
        <datetime>13-11-2017 2359</datetime>
    </events>
</eventbook>
